"Run ID","User ID","User Name","Hours","Minutes","Seconds","Platform ID","Platform Name","Verified","URL","Date"
"1zq3qe5y","qjngyw8m","TheCrazyCroco","0","3.0","44.0","8gejn93d","WiiU","verified","https://www.speedrun.com/api/v1/runs/1zq3qe5y","2015-02-26"
"8yvjxp4y","qjngyw8m","TheCrazyCroco","0","33.0","0","8gejn93d","WiiU","verified","https://www.speedrun.com/api/v1/runs/8yvjxp4y","2015-02-26"
"pzgv9gnz","y8dq0lj6","Keiichi","0","9.0","31.0","8gejn93d","WiiU","verified","https://www.speedrun.com/api/v1/runs/pzgv9gnz","2015-07-30"
"8yvegv8m","48gmye78","Félicien2B","0","32.0","32.0","8gejn93d","WiiU","verified","https://www.speedrun.com/api/v1/runs/8yvegv8m","2017-01-08"
"zpqk82ry","5j59ydwx","Alaskaxp2","0","25.0","3.0","8gejn93d","WiiU","verified","https://www.speedrun.com/api/v1/runs/zpqk82ry","2018-02-11"
"m79er45y","98rr3qd8","Dylancuber9","0","3.0","21.0","8gejn93d","WiiU","verified","https://www.speedrun.com/api/v1/runs/m79er45y","2018-02-18"
"yvg7g94y","v81md938","Wipeoutjack7","0","11.0","56.0","8gejn93d","WiiU","verified","https://www.speedrun.com/api/v1/runs/yvg7g94y","2018-02-19"
"yo4e467m","o86v9pjz","darbian","0","23.0","52.0","8gejn93d","WiiU","verified","https://www.speedrun.com/api/v1/runs/yo4e467m","2018-02-08"
"yl9j4oky","v81md938","Wipeoutjack7","0","10.0","9.0","8gejn93d","WiiU","verified","https://www.speedrun.com/api/v1/runs/yl9j4oky","2018-02-19"
"ydq43jjm","v81md938","Wipeoutjack7","0","2.0","40.0","8gejn93d","WiiU","verified","https://www.speedrun.com/api/v1/runs/ydq43jjm","2018-02-19"
"yvg7jvoy","v81md938","Wipeoutjack7","0","3.0","9.0","8gejn93d","WiiU","verified","https://www.speedrun.com/api/v1/runs/yvg7jvoy","2018-02-19"
"z13616wm","v81md938","Wipeoutjack7","0","3.0","3.0","8gejn93d","WiiU","verified","https://www.speedrun.com/api/v1/runs/z13616wm","2018-02-19"
"yvg7jdxy","v81md938","Wipeoutjack7","0","11.0","8.0","8gejn93d","WiiU","verified","https://www.speedrun.com/api/v1/runs/yvg7jdxy","2018-02-19"
"z136k0gm","5j59ydwx","Alaskaxp2","0","19.0","11.0","8gejn93d","WiiU","verified","https://www.speedrun.com/api/v1/runs/z136k0gm","2018-02-20"
"z0ekwx9m","v81md938","Wipeoutjack7","0","3.0","24.0","8gejn93d","WiiU","verified","https://www.speedrun.com/api/v1/runs/z0ekwx9m","2018-03-04"
"yl95382y","v81md938","Wipeoutjack7","0","3.0","25.0","8gejn93d","WiiU","verified","https://www.speedrun.com/api/v1/runs/yl95382y","2018-03-04"
"z5o6r3dy","v81md938","Wipeoutjack7","0","3.0","15.0","8gejn93d","WiiU","verified","https://www.speedrun.com/api/v1/runs/z5o6r3dy","2018-03-08"
"zgn9grny","v81md938","Wipeoutjack7","0","5.0","24.0","8gejn93d","WiiU","verified","https://www.speedrun.com/api/v1/runs/zgn9grny","2018-03-08"
"zgn9r4jy","v81md938","Wipeoutjack7","0","4.0","21.0","8gejn93d","WiiU","verified","https://www.speedrun.com/api/v1/runs/zgn9r4jy","2018-03-09"
"ydqow8xm","v81md938","Wipeoutjack7","0","4.0","9.0","8gejn93d","WiiU","verified","https://www.speedrun.com/api/v1/runs/ydqow8xm","2018-03-09"
"yjk7x83m","v81md938","Wipeoutjack7","0","25.0","4.0","8gejn93d","WiiU","verified","https://www.speedrun.com/api/v1/runs/yjk7x83m","2018-03-09"
"ydqodg0m","v81md938","Wipeoutjack7","0","3.0","25.0","8gejn93d","WiiU","verified","https://www.speedrun.com/api/v1/runs/ydqodg0m","2018-03-10"
"zn85pv8z","v81md938","Wipeoutjack7","0","3.0","8.0","8gejn93d","WiiU","verified","https://www.speedrun.com/api/v1/runs/zn85pv8z","2018-03-10"
"mekp3l9m","v81md938","Wipeoutjack7","0","2.0","48.0","8gejn93d","WiiU","verified","https://www.speedrun.com/api/v1/runs/mekp3l9m","2018-03-10"
"y67w0o1m","o86w7rqx","weatherman223","0","9.0","36.0","8gejn93d","WiiU","verified","https://www.speedrun.com/api/v1/runs/y67w0o1m","2018-03-25"
"yjkr8xnm","v81md938","Wipeoutjack7","0","3.0","1.0","8gejn93d","WiiU","verified","https://www.speedrun.com/api/v1/runs/yjkr8xnm","2018-03-27"
"z13wp2gm","68wg45zx","GamingLand","0","3.0","24.0","8gejn93d","WiiU","verified","https://www.speedrun.com/api/v1/runs/z13wp2gm","2018-05-12"
"zq6x705y","68wg45zx","GamingLand","0","5.0","1.0","8gejn93d","WiiU","verified","https://www.speedrun.com/api/v1/runs/zq6x705y","2018-05-12"
"yj4j993y","68wg45zx","GamingLand","0","26.0","16.0","8gejn93d","WiiU","verified","https://www.speedrun.com/api/v1/runs/yj4j993y","2018-06-02"
"yo2vxx7z","68wg45zx","GamingLand","0","20.0","14.0","8gejn93d","WiiU","verified","https://www.speedrun.com/api/v1/runs/yo2vxx7z","2018-06-02"
"y6p3w3pm","68wg45zx","GamingLand","0","22.0","55.0","8gejn93d","WiiU","verified","https://www.speedrun.com/api/v1/runs/y6p3w3pm","2018-06-04"
"m3o9pxgm","68wg45zx","GamingLand","0","9.0","33.0","8gejn93d","WiiU","verified","https://www.speedrun.com/api/v1/runs/m3o9pxgm","2018-06-05"
"mr8q2vdy","68wg45zx","GamingLand","0","8.0","31.0","8gejn93d","WiiU","verified","https://www.speedrun.com/api/v1/runs/mr8q2vdy","2018-06-04"
"y2q3237y","68wg45zx","GamingLand","0","40.0","19.0","8gejn93d","WiiU","verified","https://www.speedrun.com/api/v1/runs/y2q3237y","2018-06-17"
"y6ppleqm","68wg45zx","GamingLand","0","18.0","47.0","8gejn93d","WiiU","verified","https://www.speedrun.com/api/v1/runs/y6ppleqm","2018-06-24"
"y8991pwm","68wg45zx","GamingLand","0","23.0","35.0","8gejn93d","WiiU","verified","https://www.speedrun.com/api/v1/runs/y8991pwm","2018-06-25"
"zn44rx9m","68wg45zx","GamingLand","0","4.0","59.0","8gejn93d","WiiU","verified","https://www.speedrun.com/api/v1/runs/zn44rx9m","2018-06-24"
"yl440x2m","68wg45zx","GamingLand","0","4.0","8.0","8gejn93d","WiiU","verified","https://www.speedrun.com/api/v1/runs/yl440x2m","2018-06-24"
"yd33190z","68wg45zx","GamingLand","0","23.0","0","8gejn93d","WiiU","verified","https://www.speedrun.com/api/v1/runs/yd33190z","2018-06-27"
"mk99d75z","68wg45zx","GamingLand","0","4.0","2.0","8gejn93d","WiiU","verified","https://www.speedrun.com/api/v1/runs/mk99d75z","2018-06-27"
"y92260nz","5j59ydwx","Alaskaxp2","0","21.0","17.0","8gejn93d","WiiU","verified","https://www.speedrun.com/api/v1/runs/y92260nz","2018-06-21"
"y925v1vz","5j59ydwx","Alaskaxp2","0","21.0","9.0","8gejn93d","WiiU","rejected","https://www.speedrun.com/api/v1/runs/y925v1vz","2018-07-14"
"yd36p10z","5j59ydwx","Alaskaxp2","0","36.0","5.0","8gejn93d","WiiU","verified","https://www.speedrun.com/api/v1/runs/yd36p10z","2018-07-09"
"mk93391z","v81md938","Wipeoutjack7","0","1.0","39.0","8gejn93d","WiiU","verified","https://www.speedrun.com/api/v1/runs/mk93391z","2018-03-25"
"yd350qwz","98ryr23j","kreyfish","0","28.0","21.0","8gejn93d","WiiU","verified","https://www.speedrun.com/api/v1/runs/yd350qwz","2018-07-24"
"yj4l52dy","68wg45zx","GamingLand","0","22.0","27.0","8gejn93d","WiiU","verified","https://www.speedrun.com/api/v1/runs/yj4l52dy","2018-07-26"
"zg7wl1ez","68wg45zx","GamingLand","0","9.0","17.0","8gejn93d","WiiU","verified","https://www.speedrun.com/api/v1/runs/zg7wl1ez","2018-07-30"
"y2q5245y","68wg45zx","GamingLand","0","9.0","10.0","8gejn93d","WiiU","verified","https://www.speedrun.com/api/v1/runs/y2q5245y","2018-07-31"
"zp0r6evm","68wg45zx","GamingLand","0","9.0","23.0","8gejn93d","WiiU","verified","https://www.speedrun.com/api/v1/runs/zp0r6evm","2018-07-30"
"yd30jwwz","v81md938","Wipeoutjack7","0","9.0","8.0","8gejn93d","WiiU","verified","https://www.speedrun.com/api/v1/runs/yd30jwwz","2018-08-12"
"y921d8kz","68wg45zx","GamingLand","0","2.0","49.0","8gejn93d","WiiU","verified","https://www.speedrun.com/api/v1/runs/y921d8kz","2018-08-14"
"m3ogw56m","qjozrpl8","tendog","0","12.0","37.0","8gejn93d","WiiU","verified","https://www.speedrun.com/api/v1/runs/m3ogw56m","2018-08-14"
"y921e7rz","68wg45zx","GamingLand","0","8.0","23.0","8gejn93d","WiiU","verified","https://www.speedrun.com/api/v1/runs/y921e7rz","2018-07-26"
"mr89d0dy","qjozrpl8","tendog","0","7.0","50.0","8gejn93d","WiiU","verified","https://www.speedrun.com/api/v1/runs/mr89d0dy","2018-08-15"
"yd304ovz","68wg45zx","GamingLand","0","8.0","6.0","8gejn93d","WiiU","verified","https://www.speedrun.com/api/v1/runs/yd304ovz","2018-08-16"
"y43e0xkz","68wg45zx","GamingLand","0","19.0","32.0","8gejn93d","WiiU","verified","https://www.speedrun.com/api/v1/runs/y43e0xkz","2018-06-17"
"yj46regy","qjozrpl8","tendog","0","7.0","44.0","8gejn93d","WiiU","verified","https://www.speedrun.com/api/v1/runs/yj46regy","2018-08-16"
"yo238qdz","qjozrpl8","tendog","0","7.0","59.0","8gejn93d","WiiU","verified","https://www.speedrun.com/api/v1/runs/yo238qdz","2018-08-16"
"yvj2rl8y","68wg45zx","GamingLand","0","16.0","48.0","8gejn93d","WiiU","verified","https://www.speedrun.com/api/v1/runs/yvj2rl8y","2018-08-25"
"z036pqoz","68wg45zx","GamingLand","0","26.0","59.0","8gejn93d","WiiU","verified","https://www.speedrun.com/api/v1/runs/z036pqoz","2018-08-25"
"mk97kj5z","qjozrpl8","tendog","0","6.0","52.0","8gejn93d","WiiU","verified","https://www.speedrun.com/api/v1/runs/mk97kj5z","2018-08-25"
"ywp06v3z","68wg45zx","GamingLand","0","7.0","45.0","8gejn93d","WiiU","verified","https://www.speedrun.com/api/v1/runs/ywp06v3z","2018-08-25"
"m7pd7jwm","98ryr23j","kreyfish","0","17.0","56.0","8gejn93d","WiiU","rejected","https://www.speedrun.com/api/v1/runs/m7pd7jwm","2018-09-07"
"z51rvwdm","98ryr23j","kreyfish","0","21.0","14.0","8gejn93d","WiiU","verified","https://www.speedrun.com/api/v1/runs/z51rvwdm","2018-09-08"
"ywpq5x0z","68wg45zx","GamingLand","0","2.0","31.0","8gejn93d","WiiU","verified","https://www.speedrun.com/api/v1/runs/ywpq5x0z","2018-08-25"
"yl4r9jkm","98rv903j","Jay_Kuchen","0","29.0","28.0","8gejn93d","WiiU","verified","https://www.speedrun.com/api/v1/runs/yl4r9jkm","2018-09-18"
"yl4r2o3m","68wg45zx","GamingLand","0","16.0","17.0","8gejn93d","WiiU","verified","https://www.speedrun.com/api/v1/runs/yl4r2o3m","2018-09-29"
"me8jx4qm","qjozrpl8","tendog","0","15.0","53.0","8gejn93d","WiiU","verified","https://www.speedrun.com/api/v1/runs/me8jx4qm","2018-09-30"
"yo2prw7z","qjozrpl8","tendog","0","7.0","33.0","8gejn93d","WiiU","verified","https://www.speedrun.com/api/v1/runs/yo2prw7z","2018-10-23"
"m7p6ng0m","qjozrpl8","tendog","0","25.0","53.0","8gejn93d","WiiU","verified","https://www.speedrun.com/api/v1/runs/m7p6ng0m","2018-10-27"
"yvjrl94y","qjozrpl8","tendog","0","16.0","57.0","8gejn93d","WiiU","verified","https://www.speedrun.com/api/v1/runs/yvjrl94y","2018-10-27"
"y2qpw9wy","68wg45zx","GamingLand","0","16.0","40.0","8gejn93d","WiiU","verified","https://www.speedrun.com/api/v1/runs/y2qpw9wy","2018-10-27"
"y43ql1kz","68wg45zx","GamingLand","0","16.0","9.0","8gejn93d","WiiU","verified","https://www.speedrun.com/api/v1/runs/y43ql1kz","2018-10-28"
"zq37qr8y","68wg45zx","GamingLand","0","7.0","58.0","8gejn93d","WiiU","verified","https://www.speedrun.com/api/v1/runs/zq37qr8y","2018-10-28"
"y2qpw1wy","68wg45zx","GamingLand","0","2.0","23.0","8gejn93d","WiiU","verified","https://www.speedrun.com/api/v1/runs/y2qpw1wy","2018-10-28"
"z03pq18z","68wg45zx","GamingLand","0","2.0","32.0","8gejn93d","WiiU","verified","https://www.speedrun.com/api/v1/runs/z03pq18z","2018-10-28"
"y6p0eljm","68wg45zx","GamingLand","0","2.0","22.0","8gejn93d","WiiU","verified","https://www.speedrun.com/api/v1/runs/y6p0eljm","2018-10-28"
"ywp3w49z","48gmye78","Félicien2B","0","24.0","58.0","8gejn93d","WiiU","verified","https://www.speedrun.com/api/v1/runs/ywp3w49z","2018-10-28"
"zx47085y","48gmye78","Félicien2B","0","21.0","22.0","8gejn93d","WiiU","verified","https://www.speedrun.com/api/v1/runs/zx47085y","2018-10-29"
"ywpr8v9z","qjozrpl8","tendog","0","7.0","22.0","8gejn93d","WiiU","verified","https://www.speedrun.com/api/v1/runs/ywpr8v9z","2018-12-08"
"me8l653m","68wg45zx","GamingLand","0","2.0","42.0","8gejn93d","WiiU","verified","https://www.speedrun.com/api/v1/runs/me8l653m","2018-12-09"
"zp0wlegm","68wg45zx","GamingLand","0","2.0","41.0","8gejn93d","WiiU","verified","https://www.speedrun.com/api/v1/runs/zp0wlegm","2018-12-09"
"yd3j0xjz","68wg45zx","GamingLand","0","2.0","34.0","8gejn93d","WiiU","verified","https://www.speedrun.com/api/v1/runs/yd3j0xjz","2018-12-09"
"y9281qkz","68wg45zx","GamingLand","0","2.0","19.0","8gejn93d","WiiU","verified","https://www.speedrun.com/api/v1/runs/y9281qkz","2018-12-09"
"y43okq3z","68wg45zx","GamingLand","0","7.0","49.0","8gejn93d","WiiU","verified","https://www.speedrun.com/api/v1/runs/y43okq3z","2018-12-16"
"zg7e1vvz","68wg45zx","GamingLand","0","29.0","20.0","8gejn93d","WiiU","verified","https://www.speedrun.com/api/v1/runs/zg7e1vvz","2018-06-06"
"yvjv7q6y","98rddqqj","CedrikPle","0","3.0","17.0","8gejn93d","WiiU","verified","https://www.speedrun.com/api/v1/runs/yvjv7q6y","2019-01-03"
"yj4o5x7y","v81md938","Wipeoutjack7","0","8.0","30.0","8gejn93d","WiiU","verified","https://www.speedrun.com/api/v1/runs/yj4o5x7y","2019-01-11"
"zn4lrq3m","v81md938","Wipeoutjack7","0","13.0","53.0","8gejn93d","WiiU","verified","https://www.speedrun.com/api/v1/runs/zn4lrq3m","2019-03-31"
"y92qjgvz","48gmye78","Félicien2B","0","34.0","57.0","8gejn93d","WiiU","verified","https://www.speedrun.com/api/v1/runs/y92qjgvz","2019-04-10"
"yvjk5o8y","qjozrpl8","tendog","0","15.0","3.0","8gejn93d","WiiU","verified","https://www.speedrun.com/api/v1/runs/yvjk5o8y","2019-04-12"
"yj4v75oy","qjozrpl8","tendog","0","15.0","53.0","8gejn93d","WiiU","verified","https://www.speedrun.com/api/v1/runs/yj4v75oy","2019-04-12"
"me85p42m","qjozrpl8","tendog","0","7.0","40.0","8gejn93d","WiiU","verified","https://www.speedrun.com/api/v1/runs/me85p42m","2019-04-12"
"zp0e58vm","qjozrpl8","tendog","0","2.0","20.0","8gejn93d","WiiU","verified","https://www.speedrun.com/api/v1/runs/zp0e58vm","2019-04-12"
"y92qw3rz","qjozrpl8","tendog","0","2.0","34.0","8gejn93d","WiiU","verified","https://www.speedrun.com/api/v1/runs/y92qw3rz","2019-04-12"
"z1147xwz","qjozrpl8","tendog","0","2.0","41.0","8gejn93d","WiiU","verified","https://www.speedrun.com/api/v1/runs/z1147xwz","2019-04-12"
"mk9nrelz","qjozrpl8","tendog","0","2.0","8.0","8gejn93d","WiiU","verified","https://www.speedrun.com/api/v1/runs/mk9nrelz","2019-04-12"
"z5146vjm","qjozrpl8","tendog","0","2.0","10.0","8gejn93d","WiiU","verified","https://www.speedrun.com/api/v1/runs/z5146vjm","2019-04-12"
"zq3o501y","qjozrpl8","tendog","0","2.0","21.0","8gejn93d","WiiU","verified","https://www.speedrun.com/api/v1/runs/zq3o501y","2019-04-12"
"y2q4r07y","qjozrpl8","tendog","0","2.0","27.0","8gejn93d","WiiU","verified","https://www.speedrun.com/api/v1/runs/y2q4r07y","2019-04-12"
"y6p48n0m","qjozrpl8","tendog","0","2.0","40.0","8gejn93d","WiiU","verified","https://www.speedrun.com/api/v1/runs/y6p48n0m","2019-04-12"
"y894411m","qjozrpl8","tendog","0","2.0","17.0","8gejn93d","WiiU","verified","https://www.speedrun.com/api/v1/runs/y894411m","2019-04-13"
"yj4vv3gy","qjozrpl8","tendog","0","2.0","8.0","8gejn93d","WiiU","verified","https://www.speedrun.com/api/v1/runs/yj4vv3gy","2019-04-13"
"mr8g7k4y","98rddqqj","CedrikPle","0","2.0","3.0","8gejn93d","WiiU","verified","https://www.speedrun.com/api/v1/runs/mr8g7k4y","2019-04-22"
"yvjdr2ey","98rddqqj","CedrikPle","0","4.0","23.0","8gejn93d","WiiU","verified","https://www.speedrun.com/api/v1/runs/yvjdr2ey","2019-04-22"
"z11eggrz","98rddqqj","CedrikPle","0","2.0","4.0","8gejn93d","WiiU","verified","https://www.speedrun.com/api/v1/runs/z11eggrz","2019-04-23"
"ywp96vpz","98rddqqj","CedrikPle","0","2.0","24.0","8gejn93d","WiiU","verified","https://www.speedrun.com/api/v1/runs/ywp96vpz","2019-04-23"
"z11eq09z","98rddqqj","CedrikPle","0","2.0","33.0","8gejn93d","WiiU","verified","https://www.speedrun.com/api/v1/runs/z11eq09z","2019-04-24"
"yo2wn31z","98rddqqj","CedrikPle","0","2.0","32.0","8gejn93d","WiiU","verified","https://www.speedrun.com/api/v1/runs/yo2wn31z","2019-04-24"
"yl48lwrm","qjozrpl8","tendog","0","25.0","32.0","8gejn93d","WiiU","verified","https://www.speedrun.com/api/v1/runs/yl48lwrm","2019-04-13"
"z51q9kjm","98rddqqj","CedrikPle","0","15.0","26.0","8gejn93d","WiiU","verified","https://www.speedrun.com/api/v1/runs/z51q9kjm","2019-04-30"
"zx4ekdqy","98rddqqj","CedrikPle","0","1.0","59.0","8gejn93d","WiiU","verified","https://www.speedrun.com/api/v1/runs/zx4ekdqy","2019-05-02"
"zx4e2egy","v81md938","Wipeoutjack7","0","13.0","31.0","8gejn93d","WiiU","verified","https://www.speedrun.com/api/v1/runs/zx4e2egy","2019-05-03"
"yl4g6e3m","98rddqqj","CedrikPle","0","2.0","25.0","8gejn93d","WiiU","verified","https://www.speedrun.com/api/v1/runs/yl4g6e3m","2019-05-08"
"y6pkqr0m","qjozrpl8","tendog","0","2.0","18.0","8gejn93d","WiiU","verified","https://www.speedrun.com/api/v1/runs/y6pkqr0m","2019-05-08"
"y924kn2z","qjozrpl8","tendog","0","2.0","18.0","8gejn93d","WiiU","verified","https://www.speedrun.com/api/v1/runs/y924kn2z","2019-05-08"
"y895w1xm","98rddqqj","CedrikPle","0","2.0","15.0","8gejn93d","WiiU","verified","https://www.speedrun.com/api/v1/runs/y895w1xm","2019-05-09"
"yvjwl68y","98rddqqj","CedrikPle","0","2.0","16.0","8gejn93d","WiiU","verified","https://www.speedrun.com/api/v1/runs/yvjwl68y","2019-05-09"
"ywplxn9z","98rddqqj","CedrikPle","0","6.0","52.0","8gejn93d","WiiU","verified","https://www.speedrun.com/api/v1/runs/ywplxn9z","2019-05-10"
"yl4gx2rm","98rddqqj","CedrikPle","0","2.0","15.0","8gejn93d","WiiU","verified","https://www.speedrun.com/api/v1/runs/yl4gx2rm","2019-05-10"
"yj4ne73y","98rddqqj","CedrikPle","0","7.0","22.0","8gejn93d","WiiU","verified","https://www.speedrun.com/api/v1/runs/yj4ne73y","2019-05-11"
"mr83wqdy","98rddqqj","CedrikPle","0","3.0","45.0","8gejn93d","WiiU","verified","https://www.speedrun.com/api/v1/runs/mr83wqdy","2019-05-12"
"yw4eqv0z","98rddqqj","CedrikPle","0","15.0","2.0","8gejn93d","WiiU","verified","https://www.speedrun.com/api/v1/runs/yw4eqv0z","2019-05-19"
"y813e4xz","98rddqqj","CedrikPle","0","15.0","2.0","8gejn93d","WiiU","verified","https://www.speedrun.com/api/v1/runs/y813e4xz","2019-05-20"
"zqrkvx1y","98rddqqj","CedrikPle","0","6.0","47.0","8gejn93d","WiiU","verified","https://www.speedrun.com/api/v1/runs/zqrkvx1y","2019-05-20"
"y219815z","98rddqqj","CedrikPle","0","15.0","35.0","8gejn93d","WiiU","verified","https://www.speedrun.com/api/v1/runs/y219815z","2019-05-26"
"z1jd4kjz","98rddqqj","CedrikPle","0","22.0","39.0","8gejn93d","WiiU","verified","https://www.speedrun.com/api/v1/runs/z1jd4kjz","2019-05-28"
"y41946qy","98rddqqj","CedrikPle","0","14.0","42.0","8gejn93d","WiiU","verified","https://www.speedrun.com/api/v1/runs/y41946qy","2019-05-28"
"y4159vky","98rddqqj","CedrikPle","0","7.0","21.0","8gejn93d","WiiU","verified","https://www.speedrun.com/api/v1/runs/y4159vky","2019-05-30"
"y957oqnz","98rddqqj","CedrikPle","0","2.0","4.0","8gejn93d","WiiU","verified","https://www.speedrun.com/api/v1/runs/y957oqnz","2019-05-30"
"yv3gjl8z","98rddqqj","CedrikPle","0","14.0","21.0","8gejn93d","WiiU","verified","https://www.speedrun.com/api/v1/runs/yv3gjl8z","2019-05-31"
"yoj4j27m","98rddqqj","CedrikPle","0","2.0","10.0","8gejn93d","WiiU","verified","https://www.speedrun.com/api/v1/runs/yoj4j27m","2019-05-31"
"z1j35p7z","98rddqqj","CedrikPle","0","26.0","44.0","8gejn93d","WiiU","verified","https://www.speedrun.com/api/v1/runs/z1j35p7z","2019-06-01"
"y81q27wz","98rddqqj","CedrikPle","0","12.0","0","8gejn93d","WiiU","verified","https://www.speedrun.com/api/v1/runs/y81q27wz","2019-06-01"
"zqr6g9xy","98rddqqj","CedrikPle","0","1.0","58.0","8gejn93d","WiiU","verified","https://www.speedrun.com/api/v1/runs/zqr6g9xy","2019-06-02"
"y6l74xqy","98rddqqj","CedrikPle","0","21.0","35.0","8gejn93d","WiiU","verified","https://www.speedrun.com/api/v1/runs/y6l74xqy","2019-06-10"
"y6l74j1y","98rddqqj","CedrikPle","0","2.0","29.0","8gejn93d","WiiU","verified","https://www.speedrun.com/api/v1/runs/y6l74j1y","2019-06-10"
"y213lj7z","98rddqqj","CedrikPle","1.0","4.0","54.0","8gejn93d","WiiU","verified","https://www.speedrun.com/api/v1/runs/y213lj7z","2019-06-11"
"zgk731ny","98rddqqj","CedrikPle","1.0","28.0","32.0","8gejn93d","WiiU","verified","https://www.speedrun.com/api/v1/runs/zgk731ny","2019-06-12"
"mex8vd8z","98rddqqj","CedrikPle","3.0","44.0","1.0","8gejn93d","WiiU","verified","https://www.speedrun.com/api/v1/runs/mex8vd8z","2019-06-12"
"y819r95z","98rddqqj","CedrikPle","0","2.0","11.0","8gejn93d","WiiU","verified","https://www.speedrun.com/api/v1/runs/y819r95z","2019-06-14"
"yoj23j7m","98rddqqj","CedrikPle","0","1.0","56.0","8gejn93d","WiiU","verified","https://www.speedrun.com/api/v1/runs/yoj23j7m","2019-06-14"
"z0139j9y","98rddqqj","CedrikPle","0","1.0","55.0","8gejn93d","WiiU","verified","https://www.speedrun.com/api/v1/runs/z0139j9y","2019-06-14"
"yw4pdnnz","98rddqqj","CedrikPle","0","2.0","4.0","8gejn93d","WiiU","verified","https://www.speedrun.com/api/v1/runs/yw4pdnnz","2019-06-14"
"yl04o22y","98rddqqj","CedrikPle","0","6.0","45.0","8gejn93d","WiiU","verified","https://www.speedrun.com/api/v1/runs/yl04o22y","2019-06-15"
"yw4pvo3z","98rddqqj","CedrikPle","0","24.0","40.0","8gejn93d","WiiU","verified","https://www.speedrun.com/api/v1/runs/yw4pvo3z","2019-06-18"
"yd63leqz","98rddqqj","CedrikPle","0","11.0","28.0","8gejn93d","WiiU","verified","https://www.speedrun.com/api/v1/runs/yd63leqz","2019-06-20"
"znr46ovy","98rddqqj","CedrikPle","0","22.0","20.0","8gejn93d","WiiU","verified","https://www.speedrun.com/api/v1/runs/znr46ovy","2019-06-22"
"z571nrjm","98rddqqj","CedrikPle","0","14.0","39.0","8gejn93d","WiiU","verified","https://www.speedrun.com/api/v1/runs/z571nrjm","2019-06-22"
"yv3je18z","98rddqqj","CedrikPle","0","7.0","8.0","8gejn93d","WiiU","verified","https://www.speedrun.com/api/v1/runs/yv3je18z","2019-06-22"
"yw4pon9z","98rddqqj","CedrikPle","0","22.0","10.0","8gejn93d","WiiU","verified","https://www.speedrun.com/api/v1/runs/yw4pon9z","2019-06-22"
"mreeq4gy","98rddqqj","CedrikPle","0","2.0","12.0","8gejn93d","WiiU","verified","https://www.speedrun.com/api/v1/runs/mreeq4gy","2019-06-24"
"z577or5m","98rddqqj","CedrikPle","0","6.0","25.0","8gejn93d","WiiU","verified","https://www.speedrun.com/api/v1/runs/z577or5m","2019-06-24"
"m3110rqz","98rddqqj","CedrikPle","0","15.0","16.0","8gejn93d","WiiU","verified","https://www.speedrun.com/api/v1/runs/m3110rqz","2019-07-02"
"m7qqnwwz","98rddqqj","CedrikPle","0","2.0","11.0","8gejn93d","WiiU","verified","https://www.speedrun.com/api/v1/runs/m7qqnwwz","2019-07-02"
"mreev67y","98rddqqj","CedrikPle","0","1.0","55.0","8gejn93d","WiiU","verified","https://www.speedrun.com/api/v1/runs/mreev67y","2019-07-02"
"yd65xwqz","98rddqqj","CedrikPle","0","23.0","39.0","8gejn93d","WiiU","verified","https://www.speedrun.com/api/v1/runs/yd65xwqz","2019-07-18"
"yl0o9exy","qxk91680","MiiWii","0","16.0","51.0","8gejn93d","WiiU","verified","https://www.speedrun.com/api/v1/runs/yl0o9exy","2019-08-01"
"znrorj9y","98rddqqj","CedrikPle","0","2.0","3.0","8gejn93d","WiiU","verified","https://www.speedrun.com/api/v1/runs/znrorj9y","2019-08-03"
"m31n004z","98rddqqj","CedrikPle","0","1.0","50.0","8gejn93d","WiiU","verified","https://www.speedrun.com/api/v1/runs/m31n004z","2019-08-09"
"znro90ly","98rddqqj","CedrikPle","0","23.0","19.0","8gejn93d","WiiU","verified","https://www.speedrun.com/api/v1/runs/znro90ly","2019-08-10"
"mre4374y","7j4w6qmx","heytherecool","0","10.0","45.0","8gejn93d","WiiU","verified","https://www.speedrun.com/api/v1/runs/mre4374y","2019-08-04"
"znrodp9y","7j4w6qmx","heytherecool","0","11.0","57.0","8gejn93d","WiiU","verified","https://www.speedrun.com/api/v1/runs/znrodp9y","2019-08-13"
"zp41l9vz","0jm9o6z8","Mr_B.F.F","0","2.0","25.0","8gejn93d","WiiU","verified","https://www.speedrun.com/api/v1/runs/zp41l9vz","2019-08-16"
"mk2g0e1m","0jm9o6z8","Mr_B.F.F","0","2.0","1.0","8gejn93d","WiiU","verified","https://www.speedrun.com/api/v1/runs/mk2g0e1m","2019-08-20"
"y81d67wz","98rddqqj","CedrikPle","0","1.0","58.0","8gejn93d","WiiU","verified","https://www.speedrun.com/api/v1/runs/y81d67wz","2019-08-21"
"y95ln2kz","98rddqqj","CedrikPle","0","7.0","8.0","8gejn93d","WiiU","verified","https://www.speedrun.com/api/v1/runs/y95ln2kz","2019-09-14"
"mre64edy","98rddqqj","CedrikPle","0","7.0","2.0","8gejn93d","WiiU","verified","https://www.speedrun.com/api/v1/runs/mre64edy","2019-09-14"
"y81jxj1z","98rddqqj","CedrikPle","0","14.0","34.0","8gejn93d","WiiU","verified","https://www.speedrun.com/api/v1/runs/y81jxj1z","2019-09-17"
"mk2kgelm","98rddqqj","CedrikPle","0","2.0","10.0","8gejn93d","WiiU","verified","https://www.speedrun.com/api/v1/runs/mk2kgelm","2019-10-01"
"y81084nz","98rddqqj","CedrikPle","0","13.0","47.0","8gejn93d","WiiU","verified","https://www.speedrun.com/api/v1/runs/y81084nz","2019-11-03"
"yv387poz","98rddqqj","CedrikPle","0","2.0","1.0","8gejn93d","WiiU","verified","https://www.speedrun.com/api/v1/runs/yv387poz","2019-11-08"
"mexe200z","ERROR","N/A","0","0","0.001","8gejn93d","WiiU","verified","https://www.speedrun.com/api/v1/runs/mexe200z","2019-11-08"
"yojleo0m","ERROR","N/A","0","0","0.001","8gejn93d","WiiU","verified","https://www.speedrun.com/api/v1/runs/yojleo0m","2019-11-08"
"y810n4xz","98rddqqj","CedrikPle","0","30.0","31.0","8gejn93d","WiiU","verified","https://www.speedrun.com/api/v1/runs/y810n4xz","2019-11-09"
"mk2vr6lm","98rddqqj","CedrikPle","1.0","47.0","34.0","8gejn93d","WiiU","verified","https://www.speedrun.com/api/v1/runs/mk2vr6lm","2019-11-09"
"m31q046z","y8dq0lj6","Keiichi","0","8.0","34.0","8gejn93d","WiiU","verified","https://www.speedrun.com/api/v1/runs/m31q046z","2015-07-30"
"znrv9o8y","98rddqqj","CedrikPle","0","22.0","58.0","8gejn93d","WiiU","verified","https://www.speedrun.com/api/v1/runs/znrv9o8y","2019-11-22"
"mexldp2z","98rddqqj","CedrikPle","0","6.0","59.0","8gejn93d","WiiU","verified","https://www.speedrun.com/api/v1/runs/mexldp2z","2019-11-24"
"y21k205z","98rddqqj","CedrikPle","0","14.0","30.0","8gejn93d","WiiU","verified","https://www.speedrun.com/api/v1/runs/y21k205z","2019-12-06"
"y6lv6nqy","qxk91680","MiiWii","0","34.0","59.0","8gejn93d","WiiU","verified","https://www.speedrun.com/api/v1/runs/y6lv6nqy","2019-12-15"
"znr2o79y","qxk91680","MiiWii","0","12.0","39.0","8gejn93d","WiiU","verified","https://www.speedrun.com/api/v1/runs/znr2o79y","2019-12-15"
"y81wvo5z","68wg45zx","GamingLand","0","7.0","49.0","8gejn93d","WiiU","verified","https://www.speedrun.com/api/v1/runs/y81wvo5z","2019-12-15"
"yj3o7pgz","98rddqqj","CedrikPle","0","2.0","14.0","8gejn93d","WiiU","verified","https://www.speedrun.com/api/v1/runs/yj3o7pgz","2019-12-23"
"y6lv8x6y","98rddqqj","CedrikPle","0","6.0","55.0","8gejn93d","WiiU","verified","https://www.speedrun.com/api/v1/runs/y6lv8x6y","2019-12-23"
"yv3x3v4z","48gmye78","Félicien2B","0","1.0","38.0","8gejn93d","WiiU","verified","https://www.speedrun.com/api/v1/runs/yv3x3v4z","2019-12-27"
"yj39623z","48gmye78","Félicien2B","0","1.0","32.0","8gejn93d","WiiU","verified","https://www.speedrun.com/api/v1/runs/yj39623z","2019-12-29"
"yd6lrnwz","y8d173g8","Saltlord","0","2.0","53.0","8gejn93d","WiiU","verified","https://www.speedrun.com/api/v1/runs/yd6lrnwz","2019-12-30"
"y6levk1y","v81vy6p8","Lugia2468","0","4.0","8.0","8gejn93d","WiiU","verified","https://www.speedrun.com/api/v1/runs/y6levk1y","2020-01-03"
"yd64j6vz","v81zo3lj","EpicCrossover","0","17.0","57.0","8gejn93d","WiiU","verified","https://www.speedrun.com/api/v1/runs/yd64j6vz","2020-01-23"
"y41n6pny","v81zo3lj","EpicCrossover","0","29.0","8.0","8gejn93d","WiiU","verified","https://www.speedrun.com/api/v1/runs/y41n6pny","2020-01-25"
"znr5rx7y","v81zo3lj","EpicCrossover","0","4.0","55.0","8gejn93d","WiiU","verified","https://www.speedrun.com/api/v1/runs/znr5rx7y","2020-01-30"
"yw454x3z","v81zo3lj","EpicCrossover","0","40.0","19.0","8gejn93d","WiiU","verified","https://www.speedrun.com/api/v1/runs/yw454x3z","2020-01-30"
"mk2rd7lm","v81zo3lj","EpicCrossover","0","14.0","55.0","8gejn93d","WiiU","verified","https://www.speedrun.com/api/v1/runs/mk2rd7lm","2020-02-03"
"y6l8xojy","v81zo3lj","EpicCrossover","0","26.0","3.0","8gejn93d","WiiU","verified","https://www.speedrun.com/api/v1/runs/y6l8xojy","2020-02-03"
"zp45xj8z","v81zo3lj","EpicCrossover","0","31.0","37.0","8gejn93d","WiiU","verified","https://www.speedrun.com/api/v1/runs/zp45xj8z","2020-02-06"
"znr5533y","v81zo3lj","EpicCrossover","0","14.0","19.0","8gejn93d","WiiU","verified","https://www.speedrun.com/api/v1/runs/znr5533y","2020-02-07"
"zqr5o59y","v81zo3lj","EpicCrossover","7.0","27.0","32.0","8gejn93d","WiiU","verified","https://www.speedrun.com/api/v1/runs/zqr5o59y","2020-02-08"
"y4104vqy","v81zo3lj","EpicCrossover","0","46.0","2.0","8gejn93d","WiiU","verified","https://www.speedrun.com/api/v1/runs/y4104vqy","2020-02-08"
"zqr5on9y","v81zo3lj","EpicCrossover","2.0","5.0","19.0","8gejn93d","WiiU","verified","https://www.speedrun.com/api/v1/runs/zqr5on9y","2020-02-08"
"y21r46jz","v81zo3lj","EpicCrossover","1.0","52.0","53.0","8gejn93d","WiiU","verified","https://www.speedrun.com/api/v1/runs/y21r46jz","2020-02-08"
"y81n4lwz","v81zo3lj","EpicCrossover","2.0","5.0","44.0","8gejn93d","WiiU","verified","https://www.speedrun.com/api/v1/runs/y81n4lwz","2020-02-08"
"yoj5wvjm","v81zo3lj","EpicCrossover","0","2.0","50.0","8gejn93d","WiiU","verified","https://www.speedrun.com/api/v1/runs/yoj5wvjm","2020-02-09"
"zp45jnrz","v81zo3lj","EpicCrossover","0","2.0","56.0","8gejn93d","WiiU","verified","https://www.speedrun.com/api/v1/runs/zp45jnrz","2020-02-09"
"y95wronz","v81zo3lj","EpicCrossover","0","3.0","4.0","8gejn93d","WiiU","verified","https://www.speedrun.com/api/v1/runs/y95wronz","2020-02-09"
"mk2r6l5m","v81zo3lj","EpicCrossover","0","2.0","16.0","8gejn93d","WiiU","verified","https://www.speedrun.com/api/v1/runs/mk2r6l5m","2020-02-09"
"m7qvk1wz","v81zo3lj","EpicCrossover","0","2.0","50.0","8gejn93d","WiiU","verified","https://www.speedrun.com/api/v1/runs/m7qvk1wz","2020-02-09"
"zxk5198m","v81zo3lj","EpicCrossover","0","2.0","22.0","8gejn93d","WiiU","verified","https://www.speedrun.com/api/v1/runs/zxk5198m","2020-02-09"
"z576q5em","v81zo3lj","EpicCrossover","0","2.0","53.0","8gejn93d","WiiU","verified","https://www.speedrun.com/api/v1/runs/z576q5em","2020-02-09"
"m312p9qz","v81zo3lj","EpicCrossover","0","2.0","40.0","8gejn93d","WiiU","verified","https://www.speedrun.com/api/v1/runs/m312p9qz","2020-02-09"
"y410d9ky","v81zo3lj","EpicCrossover","0","3.0","2.0","8gejn93d","WiiU","verified","https://www.speedrun.com/api/v1/runs/y410d9ky","2020-02-09"
"znr5d13y","v81zo3lj","EpicCrossover","0","9.0","3.0","8gejn93d","WiiU","verified","https://www.speedrun.com/api/v1/runs/znr5d13y","2020-02-09"
"yj37nggz","v81zo3lj","EpicCrossover","0","8.0","28.0","8gejn93d","WiiU","verified","https://www.speedrun.com/api/v1/runs/yj37nggz","2020-02-09"
"mexpr73z","v81zo3lj","EpicCrossover","0","9.0","16.0","8gejn93d","WiiU","verified","https://www.speedrun.com/api/v1/runs/mexpr73z","2020-02-09"
"yj3rqn3z","qjnl3eqx","Red","0","3.0","3.0","8gejn93d","WiiU","verified","https://www.speedrun.com/api/v1/runs/yj3rqn3z","2020-02-18"
"y95ge4vz","qjnl3eqx","Red","0","3.0","51.0","8gejn93d","WiiU","verified","https://www.speedrun.com/api/v1/runs/y95ge4vz","2020-02-18"
"yv3e544z","qjnl3eqx","Red","0","3.0","22.0","8gejn93d","WiiU","verified","https://www.speedrun.com/api/v1/runs/yv3e544z","2020-02-18"
"yv3e5g4z","qjnl3eqx","Red","0","8.0","59.0","8gejn93d","WiiU","verified","https://www.speedrun.com/api/v1/runs/yv3e5g4z","2020-02-18"
"z57n67nm","qjnl3eqx","Red","0","3.0","36.0","8gejn93d","WiiU","verified","https://www.speedrun.com/api/v1/runs/z57n67nm","2020-02-18"
"zgk10rey","qjnl3eqx","Red","0","2.0","53.0","8gejn93d","WiiU","verified","https://www.speedrun.com/api/v1/runs/zgk10rey","2020-02-19"
"yl0ww7ny","v81zo3lj","EpicCrossover","0","17.0","8.0","8gejn93d","WiiU","verified","https://www.speedrun.com/api/v1/runs/yl0ww7ny","2020-02-29"
"yv3dkooz","qjnl3eqx","Red","0","2.0","32.0","8gejn93d","WiiU","verified","https://www.speedrun.com/api/v1/runs/yv3dkooz","2020-03-12"
"yv6486xz","j5wv14wj","TheRoadRunner","0","15.0","40.0","8gejn93d","WiiU","verified","https://www.speedrun.com/api/v1/runs/yv6486xz","2020-03-27"
"yjlj8l7z","j5wv14wj","TheRoadRunner","0","17.0","10.0","8gejn93d","WiiU","verified","https://www.speedrun.com/api/v1/runs/yjlj8l7z","2020-03-27"
"zgw32w0y","j5wv14wj","TheRoadRunner","0","14.0","51.0","8gejn93d","WiiU","verified","https://www.speedrun.com/api/v1/runs/zgw32w0y","2020-03-27"
"y259n35y","j5wv14wj","TheRoadRunner","0","15.0","10.0","8gejn93d","WiiU","verified","https://www.speedrun.com/api/v1/runs/y259n35y","2020-03-29"
"yv64njoz","j5wv14wj","TheRoadRunner","0","15.0","6.0","8gejn93d","WiiU","verified","https://www.speedrun.com/api/v1/runs/yv64njoz","2020-03-29"
"zx29pkem","j5wv14wj","TheRoadRunner","0","14.0","55.0","8gejn93d","WiiU","verified","https://www.speedrun.com/api/v1/runs/zx29pkem","2020-03-30"
"y4w9vw3m","j5wv14wj","TheRoadRunner","0","14.0","47.0","8gejn93d","WiiU","verified","https://www.speedrun.com/api/v1/runs/y4w9vw3m","2020-03-30"
"z5j5nr5m","j5wv14wj","TheRoadRunner","0","14.0","47.0","8gejn93d","WiiU","verified","https://www.speedrun.com/api/v1/runs/z5j5nr5m","2020-03-30"
"y82qe3wy","j5wv14wj","TheRoadRunner","0","2.0","7.0","8gejn93d","WiiU","verified","https://www.speedrun.com/api/v1/runs/y82qe3wy","2020-04-02"
"yjlk5j7z","j5wv14wj","TheRoadRunner","0","1.0","58.0","8gejn93d","WiiU","verified","https://www.speedrun.com/api/v1/runs/yjlk5j7z","2020-04-02"
"zgwnr30y","j5wv14wj","TheRoadRunner","0","2.0","7.0","8gejn93d","WiiU","verified","https://www.speedrun.com/api/v1/runs/zgwnr30y","2020-04-02"
"mrkq6e4y","j5wv14wj","TheRoadRunner","0","14.0","42.0","8gejn93d","WiiU","verified","https://www.speedrun.com/api/v1/runs/mrkq6e4y","2020-04-03"
"zgwn26dy","j5wv14wj","TheRoadRunner","0","6.0","43.0","8gejn93d","WiiU","verified","https://www.speedrun.com/api/v1/runs/zgwn26dy","2020-04-03"
"yd5qg4jm","j5wv14wj","TheRoadRunner","0","7.0","4.0","8gejn93d","WiiU","verified","https://www.speedrun.com/api/v1/runs/yd5qg4jm","2020-04-03"
"z153q69y","j5wv14wj","TheRoadRunner","0","7.0","13.0","8gejn93d","WiiU","verified","https://www.speedrun.com/api/v1/runs/z153q69y","2020-04-03"
"m35dlv4y","j5wv14wj","TheRoadRunner","0","15.0","55.0","8gejn93d","WiiU","verified","https://www.speedrun.com/api/v1/runs/m35dlv4y","2020-04-03"
"y4w5kxkm","v81zo3lj","EpicCrossover","0","17.0","40.0","8gejn93d","WiiU","verified","https://www.speedrun.com/api/v1/runs/y4w5kxkm","2020-04-03"
"y253kewy","v81zo3lj","EpicCrossover","0","16.0","57.0","8gejn93d","WiiU","verified","https://www.speedrun.com/api/v1/runs/y253kewy","2020-04-03"
"yv6gn68z","j5wv14wj","TheRoadRunner","0","27.0","44.0","8gejn93d","WiiU","verified","https://www.speedrun.com/api/v1/runs/yv6gn68z","2020-04-03"
"ylk9w0nz","j5wv14wj","TheRoadRunner","0","2.0","7.0","8gejn93d","WiiU","verified","https://www.speedrun.com/api/v1/runs/ylk9w0nz","2020-04-06"
"zgwn0key","j5wv14wj","TheRoadRunner","0","2.0","17.0","8gejn93d","WiiU","verified","https://www.speedrun.com/api/v1/runs/zgwn0key","2020-04-06"
"meok5x0z","j5wv14wj","TheRoadRunner","0","2.0","31.0","8gejn93d","WiiU","verified","https://www.speedrun.com/api/v1/runs/meok5x0z","2020-04-06"
"zprqe4xm","j5wv14wj","TheRoadRunner","0","2.0","9.0","8gejn93d","WiiU","verified","https://www.speedrun.com/api/v1/runs/zprqe4xm","2020-04-06"
"y907q5ey","j5wv14wj","TheRoadRunner","0","2.0","15.0","8gejn93d","WiiU","verified","https://www.speedrun.com/api/v1/runs/y907q5ey","2020-04-06"
"mk34n2xz","j5wv14wj","TheRoadRunner","0","2.0","20.0","8gejn93d","WiiU","verified","https://www.speedrun.com/api/v1/runs/mk34n2xz","2020-04-06"
"y90749ey","j5wv14wj","TheRoadRunner","0","13.0","58.0","8gejn93d","WiiU","verified","https://www.speedrun.com/api/v1/runs/y90749ey","2020-04-07"
"mrk8q1gy","v8lyw77j","Plant","0","4.0","56.0","8gejn93d","WiiU","verified","https://www.speedrun.com/api/v1/runs/mrk8q1gy","2020-04-07"
"zgw7n4ny","j5wv14wj","TheRoadRunner","0","2.0","1.0","8gejn93d","WiiU","verified","https://www.speedrun.com/api/v1/runs/zgw7n4ny","2020-04-07"
"yv6j90oz","98rddqqj","CedrikPle","0","14.0","17.0","8gejn93d","WiiU","verified","https://www.speedrun.com/api/v1/runs/yv6j90oz","2020-04-09"
"meo8610z","98rddqqj","CedrikPle","0","14.0","0","8gejn93d","WiiU","verified","https://www.speedrun.com/api/v1/runs/meo8610z","2020-04-09"
"mrk89rgy","98rddqqj","CedrikPle","0","13.0","34.0","8gejn93d","WiiU","verified","https://www.speedrun.com/api/v1/runs/mrk89rgy","2020-04-09"
"y829rgxy","j5wv14wj","TheRoadRunner","0","25.0","41.0","8gejn93d","WiiU","verified","https://www.speedrun.com/api/v1/runs/y829rgxy","2020-04-08"
"yv66g7ez","8v50rd2j","LegendaryGamer","0","2.0","29.069","8gejn93d","WiiU","rejected","https://www.speedrun.com/api/v1/runs/yv66g7ez","2020-04-23"
"m7gg9vwm","8v50rd2j","LegendaryGamer","0","2.0","29.069","8gejn93d","WiiU","rejected","https://www.speedrun.com/api/v1/runs/m7gg9vwm","2020-04-23"
"yw88159y","8v50rd2j","LegendaryGamer","0","2.0","30.0","8gejn93d","WiiU","verified","https://www.speedrun.com/api/v1/runs/yw88159y","2020-04-23"
"y4ww5vkm","8v50rd2j","LegendaryGamer","0","2.0","29.069","8gejn93d","WiiU","rejected","https://www.speedrun.com/api/v1/runs/y4ww5vkm","2020-04-23"
"yw88p59y","o86wen0x","Sir_Tyler","0","2.0","8.0","8gejn93d","WiiU","verified","https://www.speedrun.com/api/v1/runs/yw88p59y","2020-04-24"
"zgww71ny","o86wen0x","Sir_Tyler","0","1.0","59.0","8gejn93d","WiiU","verified","https://www.speedrun.com/api/v1/runs/zgww71ny","2020-04-24"
"y90055ky","98rddqqj","CedrikPle","0","2.0","4.567","8gejn93d","WiiU","verified","https://www.speedrun.com/api/v1/runs/y90055ky","2020-04-24"
"z15551gy","98rddqqj","CedrikPle","0","2.0","1.0","8gejn93d","WiiU","verified","https://www.speedrun.com/api/v1/runs/z15551gy","2020-04-24"
"yjlll33z","98rddqqj","CedrikPle","0","1.0","58.0","8gejn93d","WiiU","verified","https://www.speedrun.com/api/v1/runs/yjlll33z","2020-04-24"
"yd55l0qm","o86wen0x","Sir_Tyler","0","1.0","50.0","8gejn93d","WiiU","verified","https://www.speedrun.com/api/v1/runs/yd55l0qm","2020-04-27"
"z5jjg3dm","o86wen0x","Sir_Tyler","0","1.0","55.0","8gejn93d","WiiU","verified","https://www.speedrun.com/api/v1/runs/z5jjg3dm","2020-04-27"
"y4wwleqm","o86wen0x","Sir_Tyler","0","1.0","54.0","8gejn93d","WiiU","verified","https://www.speedrun.com/api/v1/runs/y4wwleqm","2020-04-27"
"y655erqz","o86wen0x","Sir_Tyler","0","2.0","4.0","8gejn93d","WiiU","verified","https://www.speedrun.com/api/v1/runs/y655erqz","2020-04-27"
"zprrx3nm","o86wen0x","Sir_Tyler","0","2.0","13.0","8gejn93d","WiiU","verified","https://www.speedrun.com/api/v1/runs/zprrx3nm","2020-04-27"
"y4wwl2qm","o86wen0x","Sir_Tyler","0","2.0","3.0","8gejn93d","WiiU","verified","https://www.speedrun.com/api/v1/runs/y4wwl2qm","2020-04-27"
"z055q6jm","o86wen0x","Sir_Tyler","0","2.0","10.0","8gejn93d","WiiU","verified","https://www.speedrun.com/api/v1/runs/z055q6jm","2020-04-28"
"ylkkxr3z","o86wen0x","Sir_Tyler","0","2.0","3.0","8gejn93d","WiiU","verified","https://www.speedrun.com/api/v1/runs/ylkkxr3z","2020-04-27"
"yd55lvjm","98rddqqj","CedrikPle","0","2.0","10.0","8gejn93d","WiiU","verified","https://www.speedrun.com/api/v1/runs/yd55lvjm","2020-04-28"
"z155nv9y","98rddqqj","CedrikPle","0","2.0","11.0","8gejn93d","WiiU","verified","https://www.speedrun.com/api/v1/runs/z155nv9y","2020-04-28"
"yw8d8rny","o86wen0x","Sir_Tyler","0","2.0","8.0","8gejn93d","WiiU","verified","https://www.speedrun.com/api/v1/runs/yw8d8rny","2020-05-01"
"z059r6em","o86wen0x","Sir_Tyler","0","1.0","46.0","8gejn93d","WiiU","verified","https://www.speedrun.com/api/v1/runs/z059r6em","2020-05-02"
"y4we7k3m","o86wen0x","Sir_Tyler","0","2.0","6.0","8gejn93d","WiiU","verified","https://www.speedrun.com/api/v1/runs/y4we7k3m","2020-05-03"
"y65r0r1z","8e9e1e6j","Dalton-L","0","3.0","12.0","8gejn93d","WiiU","verified","https://www.speedrun.com/api/v1/runs/y65r0r1z","2020-05-04"
"y82r6qwy","8e9e1e6j","Dalton-L","0","3.0","47.0","8gejn93d","WiiU","verified","https://www.speedrun.com/api/v1/runs/y82r6qwy","2020-05-05"
"y4wel2qm","8e9e1e6j","Dalton-L","0","3.0","33.0","8gejn93d","WiiU","verified","https://www.speedrun.com/api/v1/runs/y4wel2qm","2020-05-06"
"zx2dpggm","o86wen0x","Sir_Tyler","0","6.0","51.0","8gejn93d","WiiU","verified","https://www.speedrun.com/api/v1/runs/zx2dpggm","2020-05-07"
"m35g8r6y","o86wen0x","Sir_Tyler","0","6.0","23.0","8gejn93d","WiiU","verified","https://www.speedrun.com/api/v1/runs/m35g8r6y","2020-05-06"
"z0592rjm","o86wen0x","Sir_Tyler","0","6.0","48.0","8gejn93d","WiiU","verified","https://www.speedrun.com/api/v1/runs/z0592rjm","2020-05-06"
"yjl60vgz","j5wv14wj","TheRoadRunner","0","13.0","49.0","8gejn93d","WiiU","verified","https://www.speedrun.com/api/v1/runs/yjl60vgz","2020-05-07"
"m7g5r1em","j0nqmdm8","ShockwaveTLS","0","21.0","15.0","8gejn93d","WiiU","verified","https://www.speedrun.com/api/v1/runs/m7g5r1em","2020-05-07"
"zqw4x4rz","j0nqmdm8","ShockwaveTLS","0","26.0","34.0","8gejn93d","WiiU","verified","https://www.speedrun.com/api/v1/runs/zqw4x4rz","2020-05-07"
"yw8dlqny","j0nqmdm8","ShockwaveTLS","0","22.0","6.0","8gejn93d","WiiU","verified","https://www.speedrun.com/api/v1/runs/yw8dlqny","2020-05-07"
"z15ow7gy","o86wen0x","Sir_Tyler","0","13.0","32.0","8gejn93d","WiiU","verified","https://www.speedrun.com/api/v1/runs/z15ow7gy","2020-05-06"
"yv62226z","j0nqmdm8","ShockwaveTLS","0","2.0","2.0","8gejn93d","WiiU","verified","https://www.speedrun.com/api/v1/runs/yv62226z","2020-05-10"
"mk37k95z","j5wv14wj","TheRoadRunner","0","2.0","15.0","8gejn93d","WiiU","verified","https://www.speedrun.com/api/v1/runs/mk37k95z","2020-05-11"
"zx26748m","j5wv14wj","TheRoadRunner","0","2.0","10.0","8gejn93d","WiiU","verified","https://www.speedrun.com/api/v1/runs/zx26748m","2020-05-11"
"y90neqey","qjnl3eqx","Red","0","10.0","29.0","8gejn93d","WiiU","verified","https://www.speedrun.com/api/v1/runs/y90neqey","2020-05-09"
"m7g8l44m","qjnl3eqx","Red","0","9.0","22.0","8gejn93d","WiiU","verified","https://www.speedrun.com/api/v1/runs/m7g8l44m","2020-05-09"
"zx260rem","qjnl3eqx","Red","0","10.0","37.0","8gejn93d","WiiU","verified","https://www.speedrun.com/api/v1/runs/zx260rem","2020-05-09"
"y82vn2xy","98rddqqj","CedrikPle","0","11.0","19.0","8gejn93d","WiiU","verified","https://www.speedrun.com/api/v1/runs/y82vn2xy","2020-05-14"
"y82v7p5y","j5wv14wj","TheRoadRunner","0","22.0","55.0","8gejn93d","WiiU","verified","https://www.speedrun.com/api/v1/runs/y82v7p5y","2020-05-15"
"zpr37nxm","98rddqqj","CedrikPle","0","12.0","49.0","8gejn93d","WiiU","verified","https://www.speedrun.com/api/v1/runs/zpr37nxm","2020-05-15"
"zqw16grz","j0nqmdm8","ShockwaveTLS","0","20.0","21.0","8gejn93d","WiiU","verified","https://www.speedrun.com/api/v1/runs/zqw16grz","2020-05-15"
"ylkrxk3z","814v4zp8","Mymekey","1.0","17.0","24.0","8gejn93d","WiiU","verified","https://www.speedrun.com/api/v1/runs/ylkrxk3z","2020-05-26"
"z15lo8wy","j5wv14wj","TheRoadRunner","0","6.0","55.0","8gejn93d","WiiU","verified","https://www.speedrun.com/api/v1/runs/z15lo8wy","2020-06-26"
"yw8rkg9y","j5wv14wj","TheRoadRunner","0","6.0","15.0","8gejn93d","WiiU","verified","https://www.speedrun.com/api/v1/runs/yw8rkg9y","2020-06-27"
"yjl25onz","j5wv14wj","TheRoadRunner","0","6.0","42.0","8gejn93d","WiiU","verified","https://www.speedrun.com/api/v1/runs/yjl25onz","2020-06-27"
"yjl22xdz","j5wv14wj","TheRoadRunner","0","13.0","22.0","8gejn93d","WiiU","verified","https://www.speedrun.com/api/v1/runs/yjl22xdz","2020-06-29"
"zgweedey","j5wv14wj","TheRoadRunner","0","14.0","6.0","8gejn93d","WiiU","verified","https://www.speedrun.com/api/v1/runs/zgweedey","2020-06-29"
"yoknnr0z","j5wv14wj","TheRoadRunner","0","13.0","17.133","8gejn93d","WiiU","verified","https://www.speedrun.com/api/v1/runs/yoknnr0z","2020-06-29"
"zprp9vrm","8v50rd2j","LegendaryGamer","0","2.0","1.0","8gejn93d","WiiU","rejected","https://www.speedrun.com/api/v1/runs/zprp9vrm","2020-07-05"
"mk3qkx5z","8v50rd2j","LegendaryGamer","0","2.0","1.0","8gejn93d","WiiU","rejected","https://www.speedrun.com/api/v1/runs/mk3qkx5z","2020-07-05"
"mrk27w7y","8v50rd2j","LegendaryGamer","0","2.0","20.0","8gejn93d","WiiU","verified","https://www.speedrun.com/api/v1/runs/mrk27w7y","2020-07-05"
"meogjv3z","18qwrkw8","bendersrus","0","2.0","5.0","8gejn93d","WiiU","verified","https://www.speedrun.com/api/v1/runs/meogjv3z","2020-07-17"
"y25wje7y","v81zo3lj","EpicCrossover","0","30.0","52.0","8gejn93d","WiiU","verified","https://www.speedrun.com/api/v1/runs/y25wje7y","2020-07-18"
"y90wo8ky","o86wen0x","Sir_Tyler","0","6.0","23.0","8gejn93d","WiiU","verified","https://www.speedrun.com/api/v1/runs/y90wo8ky","2020-08-03"
"z1573ory","98rddqqj","CedrikPle","0","6.0","12.0","8gejn93d","WiiU","verified","https://www.speedrun.com/api/v1/runs/z1573ory","2020-04-09"
"zgw1p7jy","o86wen0x","Sir_Tyler","0","13.0","17.733","8gejn93d","WiiU","verified","https://www.speedrun.com/api/v1/runs/zgw1p7jy","2020-08-12"
"z150p1wy","o86wen0x","Sir_Tyler","0","5.0","56.0","8gejn93d","WiiU","verified","https://www.speedrun.com/api/v1/runs/z150p1wy","2020-08-12"
"yd5pd6xm","o86wen0x","Sir_Tyler","0","1.0","51.0","8gejn93d","WiiU","rejected","https://www.speedrun.com/api/v1/runs/yd5pd6xm","2020-08-12"
"m7grjlwm","v81vy6p8","Lugia2468","0","3.0","49.0","8gejn93d","WiiU","verified","https://www.speedrun.com/api/v1/runs/m7grjlwm","2020-09-03"
"mk3jn65z","xz97yg08","Memery","0","13.0","38.0","8gejn93d","WiiU","verified","https://www.speedrun.com/api/v1/runs/mk3jn65z","2020-09-03"
"mk8ll9vm","v81vy6p8","Lugia2468","0","3.0","45.0","8gejn93d","WiiU","verified","https://www.speedrun.com/api/v1/runs/mk8ll9vm","2020-09-04"
"zgv33xdz","v81vy6p8","Lugia2468","0","3.0","45.0","8gejn93d","WiiU","verified","https://www.speedrun.com/api/v1/runs/zgv33xdz","2020-09-04"
"ylv331nm","18qwrkw8","bendersrus","0","2.0","8.0","8gejn93d","WiiU","verified","https://www.speedrun.com/api/v1/runs/ylv331nm","2020-09-04"
"zq4kr45m","v81vy6p8","Lugia2468","0","3.0","41.0","8gejn93d","WiiU","verified","https://www.speedrun.com/api/v1/runs/zq4kr45m","2020-09-05"
"ylv3krkm","8l0y40l8","SpeedyClub","0","6.0","37.0","8gejn93d","WiiU","verified","https://www.speedrun.com/api/v1/runs/ylv3krkm","2020-09-05"
"m7518w0z","8l0y40l8","SpeedyClub","0","1.0","48.0","8gejn93d","WiiU","verified","https://www.speedrun.com/api/v1/runs/m7518w0z","2020-09-06"
"y6r3xdjy","18qwrkw8","bendersrus","0","2.0","13.0","8gejn93d","WiiU","verified","https://www.speedrun.com/api/v1/runs/y6r3xdjy","2020-09-07"
"yj6jdgnz","18qwrkw8","bendersrus","0","7.0","7.0","8gejn93d","WiiU","verified","https://www.speedrun.com/api/v1/runs/yj6jdgnz","2020-09-07"
"z1odgn9m","8l0y40l8","SpeedyClub","0","2.0","8.0","8gejn93d","WiiU","verified","https://www.speedrun.com/api/v1/runs/z1odgn9m","2020-09-06"
"zq4k9qxm","8l0y40l8","SpeedyClub","0","1.0","59.0","8gejn93d","WiiU","verified","https://www.speedrun.com/api/v1/runs/zq4k9qxm","2020-09-06"
"z535x45y","8l0y40l8","SpeedyClub","0","2.0","29.0","8gejn93d","WiiU","verified","https://www.speedrun.com/api/v1/runs/z535x45y","2020-09-07"
"y4e9x43m","8l0y40l8","SpeedyClub","0","2.0","30.0","8gejn93d","WiiU","verified","https://www.speedrun.com/api/v1/runs/y4e9x43m","2020-09-07"
"zq4k9orm","8l0y40l8","SpeedyClub","0","2.0","43.0","8gejn93d","WiiU","verified","https://www.speedrun.com/api/v1/runs/zq4k9orm","2020-09-07"
"zxd98rey","8l0y40l8","SpeedyClub","0","8.0","0","8gejn93d","WiiU","verified","https://www.speedrun.com/api/v1/runs/zxd98rey","2020-09-07"
"m3g9xpdz","8l0y40l8","SpeedyClub","0","2.0","12.0","8gejn93d","WiiU","verified","https://www.speedrun.com/api/v1/runs/m3g9xpdz","2020-09-06"
"y4e9xd3m","8l0y40l8","SpeedyClub","0","2.0","22.0","8gejn93d","WiiU","verified","https://www.speedrun.com/api/v1/runs/y4e9xd3m","2020-09-07"
"z09wlg9z","8l0y40l8","SpeedyClub","0","2.0","40.0","8gejn93d","WiiU","verified","https://www.speedrun.com/api/v1/runs/z09wlg9z","2020-09-07"
"zn3wqd7y","jo392knj","sourowl","0","2.0","36.0","8gejn93d","WiiU","verified","https://www.speedrun.com/api/v1/runs/zn3wqd7y","2020-09-06"
"z1odld7m","jo392knj","sourowl","0","2.0","21.0","8gejn93d","WiiU","verified","https://www.speedrun.com/api/v1/runs/z1odld7m","2020-09-07"
"zq4kdq5m","18qwrkw8","bendersrus","0","1.0","58.0","8gejn93d","WiiU","verified","https://www.speedrun.com/api/v1/runs/zq4kdq5m","2020-09-08"
"y91763nm","jo392knj","sourowl","0","3.0","18.0","8gejn93d","WiiU","verified","https://www.speedrun.com/api/v1/runs/y91763nm","2020-09-07"
"m75927wz","jo392knj","sourowl","0","3.0","13.0","8gejn93d","WiiU","verified","https://www.speedrun.com/api/v1/runs/m75927wz","2020-09-07"
"y2d3j7wz","jo392knj","sourowl","0","3.0","14.0","8gejn93d","WiiU","verified","https://www.speedrun.com/api/v1/runs/y2d3j7wz","2020-09-07"
"ylv9ne3m","jo392knj","sourowl","0","2.0","29.0","8gejn93d","WiiU","verified","https://www.speedrun.com/api/v1/runs/ylv9ne3m","2020-09-06"
"zgvn2dnz","jo392knj","sourowl","0","2.0","45.0","8gejn93d","WiiU","verified","https://www.speedrun.com/api/v1/runs/zgvn2dnz","2020-09-07"
"z1o3q2rm","jo392knj","sourowl","0","2.0","57.0","8gejn93d","WiiU","verified","https://www.speedrun.com/api/v1/runs/z1o3q2rm","2020-09-07"
"z53oegny","8l0y40l8","SpeedyClub","0","7.0","20.0","8gejn93d","WiiU","verified","https://www.speedrun.com/api/v1/runs/z53oegny","2020-09-13"
"z09eq19z","8l0y40l8","SpeedyClub","0","7.0","42.0","8gejn93d","WiiU","verified","https://www.speedrun.com/api/v1/runs/z09eq19z","2020-09-08"
"ywdp1gnz","8l0y40l8","SpeedyClub","0","14.0","32.0","8gejn93d","WiiU","verified","https://www.speedrun.com/api/v1/runs/ywdp1gnz","2020-09-18"
"ylv4ookm","j5wv14wj","TheRoadRunner","0","1.0","57.0","8gejn93d","WiiU","verified","https://www.speedrun.com/api/v1/runs/ylv4ookm","2020-09-18"
"yo32997y","j5wv14wj","TheRoadRunner","0","1.0","57.0","8gejn93d","WiiU","verified","https://www.speedrun.com/api/v1/runs/yo32997y","2020-09-18"
"y912nnvm","j5wv14wj","TheRoadRunner","0","1.0","51.0","8gejn93d","WiiU","verified","https://www.speedrun.com/api/v1/runs/y912nnvm","2020-09-18"
"mk8977vm","j5wv14wj","TheRoadRunner","0","2.0","8.0","8gejn93d","WiiU","verified","https://www.speedrun.com/api/v1/runs/mk8977vm","2020-09-19"
"mr98442m","j5wv14wj","TheRoadRunner","0","2.0","12.0","8gejn93d","WiiU","verified","https://www.speedrun.com/api/v1/runs/mr98442m","2020-09-19"
"z53100gy","j5wv14wj","TheRoadRunner","0","2.0","12.0","8gejn93d","WiiU","verified","https://www.speedrun.com/api/v1/runs/z53100gy","2020-09-19"
"zxd46pky","8l0y40l8","SpeedyClub","0","4.0","29.0","8gejn93d","WiiU","verified","https://www.speedrun.com/api/v1/runs/zxd46pky","2020-09-19"
"z0938d4z","xy5pvqy8","Jonasty","0","13.0","36.0","8gejn93d","WiiU","verified","https://www.speedrun.com/api/v1/runs/z0938d4z","2020-09-24"
"zxdkvley","v81md938","Wipeoutjack7","0","6.0","41.0","8gejn93d","WiiU","verified","https://www.speedrun.com/api/v1/runs/zxdkvley","2020-09-26"
"z1ojr6wm","v81vy6p8","Lugia2468","0","3.0","41.0","8gejn93d","WiiU","verified","https://www.speedrun.com/api/v1/runs/z1ojr6wm","2020-09-27"
"yv93q86z","v81vy6p8","Lugia2468","0","3.0","40.0","8gejn93d","WiiU","verified","https://www.speedrun.com/api/v1/runs/yv93q86z","2020-09-28"
"yj63p6nz","81440d58","The_Gamer_Dude","0","3.0","5.0","8gejn93d","WiiU","verified","https://www.speedrun.com/api/v1/runs/yj63p6nz","2020-09-29"
"mk82w1vm","kj9dzp7x","McKiddy","0","2.0","35.0","8gejn93d","WiiU","verified","https://www.speedrun.com/api/v1/runs/mk82w1vm","2020-10-01"
"ywdd422z","18qwrkw8","bendersrus","0","1.0","55.0","8gejn93d","WiiU","verified","https://www.speedrun.com/api/v1/runs/ywdd422z","2020-10-12"
"y9115w2m","18qwrkw8","bendersrus","0","1.0","50.0","8gejn93d","WiiU","verified","https://www.speedrun.com/api/v1/runs/y9115w2m","2020-10-12"
"ywddk72z","j5wv14wj","TheRoadRunner","0","2.0","2.0","8gejn93d","WiiU","verified","https://www.speedrun.com/api/v1/runs/ywddk72z","2020-10-14"
"mr99v5gm","j5wv14wj","TheRoadRunner","0","13.0","14.0","8gejn93d","WiiU","verified","https://www.speedrun.com/api/v1/runs/mr99v5gm","2020-10-15"
"z5338n5y","j5wv14wj","TheRoadRunner","0","6.0","3.0","8gejn93d","WiiU","verified","https://www.speedrun.com/api/v1/runs/z5338n5y","2020-10-15"
"z1ox357m","qj2lgw7x","Zennan","0","15.0","43.0","8gejn93d","WiiU","verified","https://www.speedrun.com/api/v1/runs/z1ox357m","2020-10-30"
"m757724z","jn339dwx","Rtgrzy","0","22.0","46.0","8gejn93d","WiiU","verified","https://www.speedrun.com/api/v1/runs/m757724z","2020-11-01"
"yv9oodez","zxzkk6ex","cyndifusic","0","18.0","30.0","8gejn93d","WiiU","verified","https://www.speedrun.com/api/v1/runs/yv9oodez","2020-11-01"
"mr9n5o2m","86vdooqj","Kvaus26","0","2.0","9.0","8gejn93d","WiiU","verified","https://www.speedrun.com/api/v1/runs/mr9n5o2m","2020-11-03"
"zpl9d2gm","8qzm1v78","K-Patch","4.0","52.0","46.0","8gejn93d","WiiU","new","https://www.speedrun.com/api/v1/runs/zpl9d2gm","2020-11-13"
"ylv71lxm","8qzm1v78","K-Patch","0","56.0","25.0","8gejn93d","WiiU","new","https://www.speedrun.com/api/v1/runs/ylv71lxm","2020-11-13"
